DATE,T (degC)
2009-01-01,15
2009-01-02,14
2009-01-03,14
2009-01-04,14
2009-01-05,10
2009-01-06,13
2009-01-07,10
2009-01-08,11
2009-01-09,11
2009-01-10,12
2009-01-11,12
2009-01-12,11
2009-01-13,11
2009-01-14,10
2009-01-15,13
2009-01-16,14
2009-01-17,14
2009-01-18,14
2009-01-19,15
2009-01-20,12
2009-01-21,9
2009-01-22,12
2009-01-23,16
2009-01-24,16
2009-01-25,13
2009-01-26,11
2009-01-27,10
2009-01-28,13
2009-01-29,14
2009-01-30,17
2009-01-31,13
2009-02-01,12
2009-02-02,16
2009-02-03,12
2009-02-04,17
2009-02-05,16
2009-02-06,14
2009-02-07,10
2009-02-08,10
2009-02-09,15
2009-02-10,16
2009-02-11,13
2009-02-12,13
2009-02-13,10
2009-02-14,13
2009-02-15,12
2009-02-16,12
2009-02-17,11
2009-02-18,13
2009-02-19,14
2009-02-20,13
2009-02-21,12
2009-02-22,11
2009-02-23,15
2009-02-24,13
2009-02-25,13
2009-02-26,15
2009-02-27,18
2009-02-28,17
2009-03-01,16
2009-03-02,17
2009-03-03,20
2009-03-04,12
2009-03-05,11
2009-03-06,11
2009-03-07,14
2009-03-08,17
2009-03-09,17
2009-03-10,17
2009-03-11,17
2009-03-12,15
2009-03-13,17
2009-03-14,20
2009-03-15,19
2009-03-16,16
2009-03-17,13
2009-03-18,16
2009-03-19,18
2009-03-20,17
2009-03-21,14
2009-03-22,13
2009-03-23,16
2009-03-24,19
2009-03-25,18
2009-03-26,19
2009-03-27,24
2009-03-28,22
2009-03-29,17
2009-03-30,12
2009-03-31,14
2009-04-01,15
2009-04-02,14
2009-04-03,10
2009-04-04,14
2009-04-05,18
2009-04-06,22
2009-04-07,19
2009-04-08,14
2009-04-09,15
2009-04-10,20
2009-04-11,15
2009-04-12,12
2009-04-13,15
2009-04-14,20
2009-04-15,20
2009-04-16,18
2009-04-17,17
2009-04-18,17
2009-04-19,12
2009-04-20,16
2009-04-21,15
2009-04-22,15
2009-04-23,19
2009-04-24,25
2009-04-25,22
2009-04-26,19
2009-04-27,16
2009-04-28,19
2009-04-29,19
2009-04-30,20
2009-05-01,16
2009-05-02,16
2009-05-03,19
2009-05-04,21
2009-05-05,19
2009-05-06,18
2009-05-07,22
2009-05-08,28
2009-05-09,26
2009-05-10,28
2009-05-11,31
2009-05-12,26
2009-05-13,21
2009-05-14,16
2009-05-15,18
2009-05-16,21
2009-05-17,26
2009-05-18,25
2009-05-19,26
2009-05-20,33
2009-05-21,34
2009-05-22,31
2009-05-23,29
2009-05-24,26
2009-05-25,24
2009-05-26,23
2009-05-27,21
2009-05-28,23
2009-05-29,25
2009-05-30,28
2009-05-31,24
2009-06-01,26
2009-06-02,26
2009-06-03,27
2009-06-04,27
2009-06-05,28
2009-06-06,24
2009-06-07,24
2009-06-08,26
2009-06-09,24
2009-06-10,26
2009-06-11,29
2009-06-12,30
2009-06-13,33
2009-06-14,36
2009-06-15,32
2009-06-16,31
2009-06-17,30
2009-06-18,29
2009-06-19,30
2009-06-20,28
2009-06-21,26
2009-06-22,26
2009-06-23,27
2009-06-24,29
2009-06-25,30
2009-06-26,28
2009-06-27,28
2009-06-28,30
2009-06-29,29
2009-06-30,29
2009-07-01,30
2009-07-02,32
2009-07-03,32
2009-07-04,32
2009-07-05,33
2009-07-06,33
2009-07-07,31
2009-07-08,29
2009-07-09,29
2009-07-10,29
2009-07-11,30
2009-07-12,33
2009-07-13,38
2009-07-14,32
2009-07-15,32
2009-07-16,31
2009-07-17,31
2009-07-18,27
2009-07-19,28
2009-07-20,31
2009-07-21,35
2009-07-22,38
2009-07-23,35
2009-07-24,34
2009-07-25,31
2009-07-26,33
2009-07-27,36
2009-07-28,33
2009-07-29,32
2009-07-30,31
2009-07-31,30
2009-08-01,31
2009-08-02,32
2009-08-03,30
2009-08-04,30
2009-08-05,33
2009-08-06,34
2009-08-07,31
2009-08-08,29
2009-08-09,31
2009-08-10,33
2009-08-11,34
2009-08-12,33
2009-08-13,28
2009-08-14,29
2009-08-15,30
2009-08-16,30
2009-08-17,29
2009-08-18,32
2009-08-19,31
2009-08-20,30
2009-08-21,29
2009-08-22,31
2009-08-23,33
2009-08-24,32
2009-08-25,31
2009-08-26,30
2009-08-27,30
2009-08-28,28
2009-08-29,28
2009-08-30,31
2009-08-31,30
2009-09-01,33
2009-09-02,29
2009-09-03,32
2009-09-04,31
2009-09-05,29
2009-09-06,28
2009-09-07,28
2009-09-08,27
2009-09-09,26
2009-09-10,27
2009-09-11,26
2009-09-12,24
2009-09-13,25
2009-09-14,27
2009-09-15,23
2009-09-16,23
2009-09-17,26
2009-09-18,24
2009-09-19,23
2009-09-20,24
2009-09-21,22
2009-09-22,22
2009-09-23,22
2009-09-24,21
2009-09-25,24
2009-09-26,24
2009-09-27,26
2009-09-28,26
2009-09-29,25
2009-09-30,26
2009-10-01,23
2009-10-02,24
2009-10-03,24
2009-10-04,26
2009-10-05,29
2009-10-06,32
2009-10-07,31
2009-10-08,28
2009-10-09,26
2009-10-10,25
2009-10-11,24
2009-10-12,24
2009-10-13,22
2009-10-14,23
2009-10-15,21
2009-10-16,19
2009-10-17,21
2009-10-18,19
2009-10-19,19
2009-10-20,25
2009-10-21,23
2009-10-22,24
2009-10-23,21
2009-10-24,22
2009-10-25,23
2009-10-26,23
2009-10-27,23
2009-10-28,22
2009-10-29,23
2009-10-30,22
2009-10-31,22
2009-11-01,22
2009-11-02,23
2009-11-03,21
2009-11-04,23
2009-11-05,18
2009-11-06,16
2009-11-07,20
2009-11-08,16
2009-11-09,14
2009-11-10,16
2009-11-11,19
2009-11-12,21
2009-11-13,23
2009-11-14,24
2009-11-15,25
2009-11-16,25
2009-11-17,25
2009-11-18,25
2009-11-19,22
2009-11-20,20
2009-11-21,22
2009-11-22,21
2009-11-23,18
2009-11-24,19
2009-11-25,21
2009-11-26,19
2009-11-27,20
2009-11-28,18
2009-11-29,21
2009-11-30,15
2009-12-01,13
2009-12-02,16
2009-12-03,14
2009-12-04,15
2009-12-05,15
2009-12-06,17
2009-12-07,18
2009-12-08,17
2009-12-09,17
2009-12-10,16
2009-12-11,17
2009-12-12,15
2009-12-13,16
2009-12-14,16
2009-12-15,10
2009-12-16,14
2009-12-17,17
2009-12-18,16
2009-12-19,13
2009-12-20,10
2009-12-21,16
2009-12-22,20
2009-12-23,19
2009-12-24,22
2009-12-25,20
2009-12-26,20
2009-12-27,14
2009-12-28,18
2009-12-29,22
2009-12-30,21
2009-12-31,19
2010-01-01,15
2010-01-02,15
2010-01-03,17
2010-01-04,19
2010-01-05,15
2010-01-06,14
2010-01-07,18
2010-01-08,13
2010-01-09,7
2010-01-10,11
2010-01-11,12
2010-01-12,14
2010-01-13,15
2010-01-14,17
2010-01-15,11
2010-01-16,15
2010-01-17,16
2010-01-18,17
2010-01-19,16
2010-01-20,14
2010-01-21,14
2010-01-22,15
2010-01-23,15
2010-01-24,13
2010-01-25,15
2010-01-26,14
2010-01-27,11
2010-01-28,10
2010-01-29,11
2010-01-30,13
2010-01-31,13
2010-02-01,11
2010-02-02,12
2010-02-03,17
2010-02-04,18
2010-02-05,17
2010-02-06,15
2010-02-07,15
2010-02-08,15
2010-02-09,13
2010-02-10,11
2010-02-11,9
2010-02-12,9
2010-02-13,9
2010-02-14,9
2010-02-15,13
2010-02-16,16
2010-02-17,18
2010-02-18,21
2010-02-19,15
2010-02-20,13
2010-02-21,15
2010-02-22,20
2010-02-23,18
2010-02-24,17
2010-02-25,20
2010-02-26,18
2010-02-27,22
2010-02-28,20
2010-03-01,17
2010-03-02,16
2010-03-03,17
2010-03-04,15
2010-03-05,18
2010-03-06,12
2010-03-07,12
2010-03-08,13
2010-03-09,8
2010-03-10,10
2010-03-11,13
2010-03-12,11
2010-03-13,10
2010-03-14,12
2010-03-15,13
2010-03-16,16
2010-03-17,19
2010-03-18,21
2010-03-19,22
2010-03-20,24
2010-03-21,21
2010-03-22,16
2010-03-23,17
2010-03-24,21
2010-03-25,20
2010-03-26,19
2010-03-27,18
2010-03-28,20
2010-03-29,23
2010-03-30,18
2010-03-31,18
2010-04-01,16
2010-04-02,18
2010-04-03,23
2010-04-04,16
2010-04-05,18
2010-04-06,22
2010-04-07,17
2010-04-08,13
2010-04-09,13
2010-04-10,17
2010-04-11,19
2010-04-12,18
2010-04-13,19
2010-04-14,19
2010-04-15,17
2010-04-16,18
2010-04-17,17
2010-04-18,16
2010-04-19,18
2010-04-20,21
2010-04-21,24
2010-04-22,18
2010-04-23,18
2010-04-24,20
2010-04-25,20
2010-04-26,20
2010-04-27,23
2010-04-28,20
2010-04-29,22
2010-04-30,25
2010-05-01,23
2010-05-02,21
2010-05-03,20
2010-05-04,15
2010-05-05,14
2010-05-06,20
2010-05-07,19
2010-05-08,21
2010-05-09,26
2010-05-10,22
2010-05-11,22
2010-05-12,18
2010-05-13,17
2010-05-14,13
2010-05-15,16
2010-05-16,19
2010-05-17,19
2010-05-18,21
2010-05-19,20
2010-05-20,19
2010-05-21,22
2010-05-22,21
2010-05-23,21
2010-05-24,22
2010-05-25,28
2010-05-26,26
2010-05-27,22
2010-05-28,21
2010-05-29,18
2010-05-30,22
2010-05-31,26
2010-06-01,27
2010-06-02,27
2010-06-03,26
2010-06-04,25
2010-06-05,26
2010-06-06,28
2010-06-07,26
2010-06-08,27
2010-06-09,26
2010-06-10,25
2010-06-11,24
2010-06-12,23
2010-06-13,23
2010-06-14,23
2010-06-15,21
2010-06-16,21
2010-06-17,23
2010-06-18,23
2010-06-19,23
2010-06-20,23
2010-06-21,24
2010-06-22,24
2010-06-23,25
2010-06-24,27
2010-06-25,29
2010-06-26,26
2010-06-27,26
2010-06-28,26
2010-06-29,27
2010-06-30,27
2010-07-01,29
2010-07-02,29
2010-07-03,28
2010-07-04,30
2010-07-05,31
2010-07-06,28
2010-07-07,30
2010-07-08,33
2010-07-09,34
2010-07-10,32
2010-07-11,29
2010-07-12,29
2010-07-13,30
2010-07-14,32
2010-07-15,31
2010-07-16,32
2010-07-17,31
2010-07-18,30
2010-07-19,30
2010-07-20,32
2010-07-21,32
2010-07-22,31
2010-07-23,27
2010-07-24,28
2010-07-25,29
2010-07-26,28
2010-07-27,28
2010-07-28,30
2010-07-29,30
2010-07-30,30
2010-07-31,30
2010-08-01,31
2010-08-02,34
2010-08-03,29
2010-08-04,28
2010-08-05,29
2010-08-06,29
2010-08-07,29
2010-08-08,31
2010-08-09,33
2010-08-10,29
2010-08-11,31
2010-08-12,34
2010-08-13,29
2010-08-14,27
2010-08-15,30
2010-08-16,29
2010-08-17,27
2010-08-18,27
2010-08-19,31
2010-08-20,30
2010-08-21,29
2010-08-22,29
2010-08-23,31
2010-08-24,32
2010-08-25,31
2010-08-26,32
2010-08-27,35
2010-08-28,32
2010-08-29,28
2010-08-30,28
2010-08-31,27
2010-09-01,30
2010-09-02,27
2010-09-03,25
2010-09-04,26
2010-09-05,29
2010-09-06,29
2010-09-07,30
2010-09-08,27
2010-09-09,26
2010-09-10,26
2010-09-11,28
2010-09-12,27
2010-09-13,27
2010-09-14,26
2010-09-15,25
2010-09-16,30
2010-09-17,31
2010-09-18,28
2010-09-19,28
2010-09-20,27
2010-09-21,27
2010-09-22,27
2010-09-23,28
2010-09-24,25
2010-09-25,23
2010-09-26,25
2010-09-27,24
2010-09-28,23
2010-09-29,24
2010-09-30,27
2010-10-01,28
2010-10-02,29
2010-10-03,30
2010-10-04,28
2010-10-05,25
2010-10-06,33
2010-10-07,32
2010-10-08,27
2010-10-09,29
2010-10-10,22
2010-10-11,21
2010-10-12,22
2010-10-13,19
2010-10-14,22
2010-10-15,22
2010-10-16,21
2010-10-17,19
2010-10-18,17
2010-10-19,18
2010-10-20,21
2010-10-21,21
2010-10-22,22
2010-10-23,22
2010-10-24,20
2010-10-25,18
2010-10-26,16
2010-10-27,18
2010-10-28,21
2010-10-29,23
2010-10-30,24
2010-10-31,24
2010-11-01,17
2010-11-02,17
2010-11-03,17
2010-11-04,17
2010-11-05,17
2010-11-06,18
2010-11-07,19
2010-11-08,17
2010-11-09,21
2010-11-10,17
2010-11-11,16
2010-11-12,18
2010-11-13,21
2010-11-14,21
2010-11-15,16
2010-11-16,15
2010-11-17,17
2010-11-18,16
2010-11-19,16
2010-11-20,19
2010-11-21,15
2010-11-22,14
2010-11-23,15
2010-11-24,15
2010-11-25,17
2010-11-26,13
2010-11-27,16
2010-11-28,15
2010-11-29,20
2010-11-30,21
2010-12-01,16
2010-12-02,15
2010-12-03,12
2010-12-04,12
2010-12-05,16
2010-12-06,21
2010-12-07,22
2010-12-08,23
2010-12-09,23
2010-12-10,17
2010-12-11,16
2010-12-12,17
2010-12-13,15
2010-12-14,14
2010-12-15,10
2010-12-16,6
2010-12-17,11
2010-12-18,15
2010-12-19,19
2010-12-20,17
2010-12-21,16
2010-12-22,18
2010-12-23,14
2010-12-24,11
2010-12-25,11
2010-12-26,10
2010-12-27,11
2010-12-28,14
2010-12-29,17
2010-12-30,16
2010-12-31,14
2011-01-01,14
2011-01-02,14
2011-01-03,13
2011-01-04,13
2011-01-05,16
2011-01-06,18
2011-01-07,19
2011-01-08,19
2011-01-09,18
2011-01-10,15
2011-01-11,14
2011-01-12,14
2011-01-13,16
2011-01-14,19
2011-01-15,17
2011-01-16,19
2011-01-17,15
2011-01-18,14
2011-01-19,15
2011-01-20,12
2011-01-21,8
2011-01-22,8
2011-01-23,7
2011-01-24,12
2011-01-25,12
2011-01-26,14
2011-01-27,15
2011-01-28,16
2011-01-29,16
2011-01-30,13
2011-01-31,11
2011-02-01,9
2011-02-02,8
2011-02-03,11
2011-02-04,12
2011-02-05,13
2011-02-06,13
2011-02-07,15
2011-02-08,13
2011-02-09,13
2011-02-10,15
2011-02-11,16
2011-02-12,14
2011-02-13,14
2011-02-14,12
2011-02-15,16
2011-02-16,15
2011-02-17,13
2011-02-18,13
2011-02-19,15
2011-02-20,16
2011-02-21,12
2011-02-22,16
2011-02-23,13
2011-02-24,15
2011-02-25,13
2011-02-26,16
2011-02-27,15
2011-02-28,11
2011-03-01,9
2011-03-02,11
2011-03-03,17
2011-03-04,15
2011-03-05,14
2011-03-06,13
2011-03-07,20
2011-03-08,19
2011-03-09,17
2011-03-10,15
2011-03-11,19
2011-03-12,16
2011-03-13,19
2011-03-14,22
2011-03-15,18
2011-03-16,15
2011-03-17,14
2011-03-18,16
2011-03-19,17
2011-03-20,17
2011-03-21,14
2011-03-22,16
2011-03-23,17
2011-03-24,18
2011-03-25,19
2011-03-26,19
2011-03-27,19
2011-03-28,18
2011-03-29,18
2011-03-30,16
2011-03-31,17
2011-04-01,20
2011-04-02,24
2011-04-03,26
2011-04-04,21
2011-04-05,21
2011-04-06,23
2011-04-07,22
2011-04-08,22
2011-04-09,24
2011-04-10,23
2011-04-11,19
2011-04-12,19
2011-04-13,21
2011-04-14,25
2011-04-15,19
2011-04-16,17
2011-04-17,19
2011-04-18,22
2011-04-19,20
2011-04-20,22
2011-04-21,22
2011-04-22,21
2011-04-23,19
2011-04-24,18
2011-04-25,14
2011-04-26,17
2011-04-27,19
2011-04-28,23
2011-04-29,23
2011-04-30,16
2011-05-01,22
2011-05-02,18
2011-05-03,19
2011-05-04,21
2011-05-05,22
2011-05-06,28
2011-05-07,27
2011-05-08,21
2011-05-09,20
2011-05-10,22
2011-05-11,22
2011-05-12,23
2011-05-13,24
2011-05-14,24
2011-05-15,20
2011-05-16,20
2011-05-17,21
2011-05-18,23
2011-05-19,21
2011-05-20,19
2011-05-21,16
2011-05-22,18
2011-05-23,21
2011-05-24,22
2011-05-25,24
2011-05-26,27
2011-05-27,25
2011-05-28,25
2011-05-29,22
2011-05-30,23
2011-05-31,24
2011-06-01,20
2011-06-02,19
2011-06-03,20
2011-06-04,21
2011-06-05,21
2011-06-06,20
2011-06-07,22
2011-06-08,22
2011-06-09,24
2011-06-10,23
2011-06-11,23
2011-06-12,26
2011-06-13,27
2011-06-14,26
2011-06-15,26
2011-06-16,28
2011-06-17,31
2011-06-18,30
2011-06-19,27
2011-06-20,27
2011-06-21,28
2011-06-22,28
2011-06-23,29
2011-06-24,27
2011-06-25,27
2011-06-26,26
2011-06-27,28
2011-06-28,29
2011-06-29,29
2011-06-30,27
2011-07-01,27
2011-07-02,30
2011-07-03,35
2011-07-04,26
2011-07-05,26
2011-07-06,30
2011-07-07,33
2011-07-08,31
2011-07-09,32
2011-07-10,31
2011-07-11,34
2011-07-12,34
2011-07-13,29
2011-07-14,27
2011-07-15,27
2011-07-16,29
2011-07-17,31
2011-07-18,29
2011-07-19,30
2011-07-20,27
2011-07-21,30
2011-07-22,30
2011-07-23,26
2011-07-24,27
2011-07-25,26
2011-07-26,30
2011-07-27,33
2011-07-28,27
2011-07-29,28
2011-07-30,28
2011-07-31,29
2011-08-01,31
2011-08-02,31
2011-08-03,31
2011-08-04,29
2011-08-05,28
2011-08-06,31
2011-08-07,34
2011-08-08,32
2011-08-09,28
2011-08-10,26
2011-08-11,28
2011-08-12,31
2011-08-13,32
2011-08-14,30
2011-08-15,32
2011-08-16,32
2011-08-17,33
2011-08-18,37
2011-08-19,31
2011-08-20,32
2011-08-21,33
2011-08-22,30
2011-08-23,31
2011-08-24,30
2011-08-25,31
2011-08-26,33
2011-08-27,29
2011-08-28,30
2011-08-29,30
2011-08-30,31
2011-08-31,31
2011-09-01,32
2011-09-02,28
2011-09-03,23
2011-09-04,26
2011-09-05,27
2011-09-06,27
2011-09-07,27
2011-09-08,29
2011-09-09,31
2011-09-10,30
2011-09-11,28
2011-09-12,28
2011-09-13,29
2011-09-14,28
2011-09-15,28
2011-09-16,29
2011-09-17,27
2011-09-18,30
2011-09-19,24
2011-09-20,26
2011-09-21,28
2011-09-22,26
2011-09-23,26
2011-09-24,25
2011-09-25,25
2011-09-26,26
2011-09-27,25
2011-09-28,25
2011-09-29,26
2011-09-30,26
2011-10-01,26
2011-10-02,25
2011-10-03,24
2011-10-04,24
2011-10-05,24
2011-10-06,25
2011-10-07,25
2011-10-08,20
2011-10-09,21
2011-10-10,23
2011-10-11,26
2011-10-12,26
2011-10-13,27
2011-10-14,24
2011-10-15,22
2011-10-16,21
2011-10-17,21
2011-10-18,24
2011-10-19,24
2011-10-20,22
2011-10-21,22
2011-10-22,24
2011-10-23,25
2011-10-24,25
2011-10-25,20
2011-10-26,21
2011-10-27,26
2011-10-28,19
2011-10-29,20
2011-10-30,19
2011-10-31,20
2011-11-01,20
2011-11-02,23
2011-11-03,25
2011-11-04,25
2011-11-05,17
2011-11-06,16
2011-11-07,18
2011-11-08,19
2011-11-09,19
2011-11-10,19
2011-11-11,22
2011-11-12,23
2011-11-13,22
2011-11-14,21
2011-11-15,17
2011-11-16,18
2011-11-17,18
2011-11-18,20
2011-11-19,20
2011-11-20,20
2011-11-21,16
2011-11-22,16
2011-11-23,16
2011-11-24,17
2011-11-25,18
2011-11-26,17
2011-11-27,17
2011-11-28,17
2011-11-29,16
2011-11-30,17
2011-12-01,19
2011-12-02,18
2011-12-03,16
2011-12-04,15
2011-12-05,17
2011-12-06,17
2011-12-07,17
2011-12-08,18
2011-12-09,18
2011-12-10,17
2011-12-11,17
2011-12-12,14
2011-12-13,17
2011-12-14,18
2011-12-15,17
2011-12-16,18
2011-12-17,13
2011-12-18,12
2011-12-19,10
2011-12-20,13
2011-12-21,14
2011-12-22,16
2011-12-23,15
2011-12-24,14
2011-12-25,14
2011-12-26,12
2011-12-27,13
2011-12-28,12
2011-12-29,12
2011-12-30,12
2011-12-31,14
2012-01-01,16
2012-01-02,17
2012-01-03,14
2012-01-04,15
2012-01-05,16
2012-01-06,15
2012-01-07,15
2012-01-08,15
2012-01-09,14
2012-01-10,13
2012-01-11,14
2012-01-12,15
2012-01-13,15
2012-01-14,15
2012-01-15,14
2012-01-16,13
2012-01-17,14
2012-01-18,12
2012-01-19,13
2012-01-20,13
2012-01-21,13
2012-01-22,13
2012-01-23,14
2012-01-24,14
2012-01-25,14
2012-01-26,14
2012-01-27,14
2012-01-28,14
2012-01-29,9
2012-01-30,9
2012-01-31,12
2012-02-01,14
2012-02-02,13
2012-02-03,7
2012-02-04,4
2012-02-05,5
2012-02-06,8
2012-02-07,7
2012-02-08,6
2012-02-09,7
2012-02-10,10
2012-02-11,7
2012-02-12,7
2012-02-13,5
2012-02-14,8
2012-02-15,9
2012-02-16,11
2012-02-17,13
2012-02-18,13
2012-02-19,11
2012-02-20,12
2012-02-21,10
2012-02-22,9
2012-02-23,12
2012-02-24,14
2012-02-25,15
2012-02-26,15
2012-02-27,15
2012-02-28,15
2012-02-29,14
2012-03-01,14
2012-03-02,18
2012-03-03,16
2012-03-04,17
2012-03-05,14
2012-03-06,10
2012-03-07,10
2012-03-08,12
2012-03-09,8
2012-03-10,12
2012-03-11,12
2012-03-12,14
2012-03-13,17
2012-03-14,18
2012-03-15,18
2012-03-16,20
2012-03-17,18
2012-03-18,19
2012-03-19,15
2012-03-20,19
2012-03-21,19
2012-03-22,15
2012-03-23,20
2012-03-24,18
2012-03-25,15
2012-03-26,13
2012-03-27,16
2012-03-28,16
2012-03-29,18
2012-03-30,16
2012-03-31,19
2012-04-01,18
2012-04-02,16
2012-04-03,18
2012-04-04,17
2012-04-05,18
2012-04-06,15
2012-04-07,17
2012-04-08,17
2012-04-09,20
2012-04-10,22
2012-04-11,18
2012-04-12,18
2012-04-13,14
2012-04-14,15
2012-04-15,13
2012-04-16,12
2012-04-17,14
2012-04-18,19
2012-04-19,15
2012-04-20,17
2012-04-21,20
2012-04-22,20
2012-04-23,19
2012-04-24,19
2012-04-25,22
2012-04-26,27
2012-04-27,23
2012-04-28,25
2012-04-29,19
2012-04-30,17
2012-05-01,17
2012-05-02,20
2012-05-03,18
2012-05-04,21
2012-05-05,21
2012-05-06,19
2012-05-07,19
2012-05-08,22
2012-05-09,23
2012-05-10,24
2012-05-11,23
2012-05-12,23
2012-05-13,26
2012-05-14,22
2012-05-15,22
2012-05-16,23
2012-05-17,26
2012-05-18,26
2012-05-19,24
2012-05-20,19
2012-05-21,18
2012-05-22,21
2012-05-23,22
2012-05-24,23
2012-05-25,23
2012-05-26,25
2012-05-27,25
2012-05-28,24
2012-05-29,22
2012-05-30,26
2012-05-31,27
2012-06-01,28
2012-06-02,28
2012-06-03,24
2012-06-04,25
2012-06-05,27
2012-06-06,29
2012-06-07,36
2012-06-08,27
2012-06-09,24
2012-06-10,26
2012-06-11,29
2012-06-12,24
2012-06-13,25
2012-06-14,27
2012-06-15,24
2012-06-16,24
2012-06-17,26
2012-06-18,30
2012-06-19,35
2012-06-20,27
2012-06-21,29
2012-06-22,29
2012-06-23,30
2012-06-24,30
2012-06-25,29
2012-06-26,32
2012-06-27,33
2012-06-28,32
2012-06-29,34
2012-06-30,33
2012-07-01,29
2012-07-02,27
2012-07-03,27
2012-07-04,29
2012-07-05,31
2012-07-06,30
2012-07-07,31
2012-07-08,29
2012-07-09,30
2012-07-10,30
2012-07-11,32
2012-07-12,29
2012-07-13,32
2012-07-14,35
2012-07-15,29
2012-07-16,27
2012-07-17,27
2012-07-18,29
2012-07-19,32
2012-07-20,30
2012-07-21,29
2012-07-22,27
2012-07-23,26
2012-07-24,26
2012-07-25,31
2012-07-26,36
2012-07-27,31
2012-07-28,30
2012-07-29,23
2012-07-30,30
2012-07-31,33
2012-08-01,34
2012-08-02,35
2012-08-03,33
2012-08-04,31
2012-08-05,32
2012-08-06,29
2012-08-07,31
2012-08-08,31
2012-08-09,35
2012-08-10,35
2012-08-11,34
2012-08-12,34
2012-08-13,33
2012-08-14,32
2012-08-15,32
2012-08-16,33
2012-08-17,38
2012-08-18,36
2012-08-19,34
2012-08-20,32
2012-08-21,33
2012-08-22,34
2012-08-23,33
2012-08-24,34
2012-08-25,33
2012-08-26,30
2012-08-27,31
2012-08-28,32
2012-08-29,34
2012-08-30,31
2012-08-31,25
2012-09-01,26
2012-09-02,22
2012-09-03,23
2012-09-04,25
2012-09-05,29
2012-09-06,28
2012-09-07,29
2012-09-08,27
2012-09-09,27
2012-09-10,29
2012-09-11,28
2012-09-12,28
2012-09-13,24
2012-09-14,23
2012-09-15,26
2012-09-16,30
2012-09-17,30
2012-09-18,31
2012-09-19,28
2012-09-20,30
2012-09-21,35
2012-09-22,31
2012-09-23,32
2012-09-24,29
2012-09-25,26
2012-09-26,28
2012-09-27,28
2012-09-28,31
2012-09-29,25
2012-09-30,24
2012-10-01,23
2012-10-02,24
2012-10-03,26
2012-10-04,31
2012-10-05,31
2012-10-06,27
2012-10-07,26
2012-10-08,27
2012-10-09,28
2012-10-10,28
2012-10-11,27
2012-10-12,25
2012-10-13,24
2012-10-14,23
2012-10-15,21
2012-10-16,21
2012-10-17,28
2012-10-18,29
2012-10-19,28
2012-10-20,26
2012-10-21,21
2012-10-22,21
2012-10-23,21
2012-10-24,22
2012-10-25,28
2012-10-26,24
2012-10-27,21
2012-10-28,16
2012-10-29,18
2012-10-30,21
2012-10-31,18
2012-11-01,21
2012-11-02,21
2012-11-03,26
2012-11-04,28
2012-11-05,23
2012-11-06,19
2012-11-07,19
2012-11-08,25
2012-11-09,25
2012-11-10,19
2012-11-11,19
2012-11-12,17
2012-11-13,20
2012-11-14,16
2012-11-15,18
2012-11-16,19
2012-11-17,19
2012-11-18,19
2012-11-19,16
2012-11-20,17
2012-11-21,19
2012-11-22,18
2012-11-23,18
2012-11-24,20
2012-11-25,20
2012-11-26,20
2012-11-27,16
2012-11-28,12
2012-11-29,12
2012-11-30,11
2012-12-01,12
2012-12-02,12
2012-12-03,13
2012-12-04,14
2012-12-05,13
2012-12-06,13
2012-12-07,14
2012-12-08,13
2012-12-09,13
2012-12-10,14
2012-12-11,14
2012-12-12,15
2012-12-13,15
2012-12-14,16
2012-12-15,19
2012-12-16,17
2012-12-17,17
2012-12-18,16
2012-12-19,17
2012-12-20,18
2012-12-21,17
2012-12-22,16
2012-12-23,20
2012-12-24,20
2012-12-25,19
2012-12-26,15
2012-12-27,15
2012-12-28,14
2012-12-29,15
2012-12-30,14
2012-12-31,14
2013-01-01,14
2013-01-02,12
2013-01-03,11
2013-01-04,12
2013-01-05,15
2013-01-06,15
2013-01-07,15
2013-01-08,16
2013-01-09,17
2013-01-10,15
2013-01-11,15
2013-01-12,15
2013-01-13,14
2013-01-14,10
2013-01-15,13
2013-01-16,13
2013-01-17,14
2013-01-18,17
2013-01-19,20
2013-01-20,11
2013-01-21,13
2013-01-22,13
2013-01-23,9
2013-01-24,12
2013-01-25,11
2013-01-26,11
2013-01-27,16
2013-01-28,12
2013-01-29,15
2013-01-30,17
2013-01-31,17
2013-02-01,20
2013-02-02,14
2013-02-03,9
2013-02-04,11
2013-02-05,15
2013-02-06,12
2013-02-07,9
2013-02-08,11
2013-02-09,7
2013-02-10,13
2013-02-11,10
2013-02-12,10
2013-02-13,12
2013-02-14,13
2013-02-15,16
2013-02-16,15
2013-02-17,15
2013-02-18,15
2013-02-19,16
2013-02-20,15
2013-02-21,14
2013-02-22,16
2013-02-23,13
2013-02-24,9
2013-02-25,8
2013-02-26,10
2013-02-27,14
2013-02-28,16
2013-03-01,11
2013-03-02,11
2013-03-03,15
2013-03-04,16
2013-03-05,18
2013-03-06,16
2013-03-07,20
2013-03-08,20
2013-03-09,19
2013-03-10,17
2013-03-11,15
2013-03-12,15
2013-03-13,12
2013-03-14,10
2013-03-15,12
2013-03-16,19
2013-03-17,23
2013-03-18,17
2013-03-19,20
2013-03-20,17
2013-03-21,18
2013-03-22,22
2013-03-23,18
2013-03-24,12
2013-03-25,15
2013-03-26,19
2013-03-27,19
2013-03-28,18
2013-03-29,20
2013-03-30,19
2013-03-31,19
2013-04-01,18
2013-04-02,17
2013-04-03,24
2013-04-04,17
2013-04-05,18
2013-04-06,12
2013-04-07,15
2013-04-08,18
2013-04-09,20
2013-04-10,19
2013-04-11,23
2013-04-12,19
2013-04-13,21
2013-04-14,24
2013-04-15,20
2013-04-16,21
2013-04-17,23
2013-04-18,22
2013-04-19,24
2013-04-20,16
2013-04-21,17
2013-04-22,16
2013-04-23,16
2013-04-24,14
2013-04-25,20
2013-04-26,18
2013-04-27,22
2013-04-28,15
2013-04-29,14
2013-04-30,19
2013-05-01,17
2013-05-02,16
2013-05-03,15
2013-05-04,14
2013-05-05,18
2013-05-06,22
2013-05-07,23
2013-05-08,26
2013-05-09,26
2013-05-10,24
2013-05-11,22
2013-05-12,22
2013-05-13,22
2013-05-14,24
2013-05-15,20
2013-05-16,18
2013-05-17,21
2013-05-18,19
2013-05-19,19
2013-05-20,19
2013-05-21,16
2013-05-22,18
2013-05-23,20
2013-05-24,21
2013-05-25,20
2013-05-26,22
2013-05-27,21
2013-05-28,20
2013-05-29,20
2013-05-30,18
2013-05-31,20
2013-06-01,20
2013-06-02,22
2013-06-03,22
2013-06-04,23
2013-06-05,27
2013-06-06,21
2013-06-07,21
2013-06-08,21
2013-06-09,22
2013-06-10,22
2013-06-11,24
2013-06-12,26
2013-06-13,28
2013-06-14,27
2013-06-15,30
2013-06-16,33
2013-06-17,32
2013-06-18,25
2013-06-19,23
2013-06-20,23
2013-06-21,25
2013-06-22,23
2013-06-23,23
2013-06-24,24
2013-06-25,23
2013-06-26,23
2013-06-27,23
2013-06-28,23
2013-06-29,26
2013-06-30,28
2013-07-01,27
2013-07-02,28
2013-07-03,25
2013-07-04,26
2013-07-05,24
2013-07-06,26
2013-07-07,28
2013-07-08,27
2013-07-09,27
2013-07-10,28
2013-07-11,32
2013-07-12,30
2013-07-13,28
2013-07-14,29
2013-07-15,29
2013-07-16,30
2013-07-17,28
2013-07-18,28
2013-07-19,30
2013-07-20,30
2013-07-21,28
2013-07-22,27
2013-07-23,29
2013-07-24,30
2013-07-25,32
2013-07-26,34
2013-07-27,33
2013-07-28,31
2013-07-29,29
2013-07-30,29
2013-07-31,28
2013-08-01,30
2013-08-02,32
2013-08-03,34
2013-08-04,31
2013-08-05,32
2013-08-06,34
2013-08-07,34
2013-08-08,30
2013-08-09,27
2013-08-10,28
2013-08-11,29
2013-08-12,32
2013-08-13,31
2013-08-14,29
2013-08-15,30
2013-08-16,30
2013-08-17,29
2013-08-18,30
2013-08-19,30
2013-08-20,29
2013-08-21,27
2013-08-22,29
2013-08-23,31
2013-08-24,32
2013-08-25,29
2013-08-26,29
2013-08-27,28
2013-08-28,29
2013-08-29,27
2013-08-30,25
2013-08-31,25
2013-09-01,25
2013-09-02,26
2013-09-03,27
2013-09-04,28
2013-09-05,28
2013-09-06,26
2013-09-07,28
2013-09-08,27
2013-09-09,23
2013-09-10,25
2013-09-11,27
2013-09-12,25
2013-09-13,25
2013-09-14,29
2013-09-15,27
2013-09-16,27
2013-09-17,26
2013-09-18,26
2013-09-19,25
2013-09-20,25
2013-09-21,26
2013-09-22,25
2013-09-23,24
2013-09-24,26
2013-09-25,28
2013-09-26,31
2013-09-27,30
2013-09-28,29
2013-09-29,26
2013-09-30,27
2013-10-01,28
2013-10-02,30
2013-10-03,31
2013-10-04,31
2013-10-05,26
2013-10-06,24
2013-10-07,24
2013-10-08,23
2013-10-09,24
2013-10-10,26
2013-10-11,25
2013-10-12,25
2013-10-13,25
2013-10-14,24
2013-10-15,24
2013-10-16,27
2013-10-17,27
2013-10-18,29
2013-10-19,25
2013-10-20,26
2013-10-21,29
2013-10-22,29
2013-10-23,25
2013-10-24,26
2013-10-25,31
2013-10-26,26
2013-10-27,24
2013-10-28,29
2013-10-29,25
2013-10-30,19
2013-10-31,19
2013-11-01,19
2013-11-02,22
2013-11-03,24
2013-11-04,23
2013-11-05,22
2013-11-06,22
2013-11-07,25
2013-11-08,23
2013-11-09,21
2013-11-10,19
2013-11-11,16
2013-11-12,17
2013-11-13,17
2013-11-14,17
2013-11-15,14
2013-11-16,13
2013-11-17,13
2013-11-18,14
2013-11-19,15
2013-11-20,12
2013-11-21,14
2013-11-22,14
2013-11-23,13
2013-11-24,12
2013-11-25,13
2013-11-26,11
2013-11-27,10
2013-11-28,12
2013-11-29,10
2013-11-30,10
2013-12-01,11
2013-12-02,12
2013-12-03,12
2013-12-04,15
2013-12-05,14
2013-12-06,14
2013-12-07,14
2013-12-08,16
2013-12-09,15
2013-12-10,14
2013-12-11,16
2013-12-12,16
2013-12-13,16
2013-12-14,14
2013-12-15,15
2013-12-16,16
2013-12-17,16
2013-12-18,14
2013-12-19,16
2013-12-20,12
2013-12-21,14
2013-12-22,13
2013-12-23,13
2013-12-24,17
2013-12-25,15
2013-12-26,12
2013-12-27,15
2013-12-28,17
2013-12-29,13
2013-12-30,12
2013-12-31,14
2014-01-01,15
2014-01-02,17
2014-01-03,18
2014-01-04,16
2014-01-05,15
2014-01-06,17
2014-01-07,19
2014-01-08,19
2014-01-09,19
2014-01-10,18
2014-01-11,17
2014-01-12,14
2014-01-13,17
2014-01-14,13
2014-01-15,14
2014-01-16,17
2014-01-17,16
2014-01-18,17
2014-01-19,14
2014-01-20,12
2014-01-21,13
2014-01-22,14
2014-01-23,12
2014-01-24,13
2014-01-25,13
2014-01-26,16
2014-01-27,16
2014-01-28,12
2014-01-29,15
2014-01-30,12
2014-01-31,12
2014-02-01,13
2014-02-02,11
2014-02-03,13
2014-02-04,13
2014-02-05,18
2014-02-06,19
2014-02-07,15
2014-02-08,17
2014-02-09,18
2014-02-10,15
2014-02-11,12
2014-02-12,14
2014-02-13,18
2014-02-14,21
2014-02-15,22
2014-02-16,20
2014-02-17,21
2014-02-18,17
2014-02-19,14
2014-02-20,15
2014-02-21,17
2014-02-22,11
2014-02-23,15
2014-02-24,17
2014-02-25,14
2014-02-26,15
2014-02-27,12
2014-02-28,17
2014-03-01,14
2014-03-02,14
2014-03-03,15
2014-03-04,12
2014-03-05,14
2014-03-06,13
2014-03-07,13
2014-03-08,15
2014-03-09,14
2014-03-10,13
2014-03-11,14
2014-03-12,15
2014-03-13,14
2014-03-14,11
2014-03-15,12
2014-03-16,16
2014-03-17,17
2014-03-18,20
2014-03-19,18
2014-03-20,16
2014-03-21,16
2014-03-22,19
2014-03-23,15
2014-03-24,15
2014-03-25,16
2014-03-26,17
2014-03-27,14
2014-03-28,20
2014-03-29,20
2014-03-30,15
2014-03-31,17
2014-04-01,24
2014-04-02,25
2014-04-03,16
2014-04-04,16
2014-04-05,17
2014-04-06,19
2014-04-07,21
2014-04-08,23
2014-04-09,22
2014-04-10,20
2014-04-11,24
2014-04-12,23
2014-04-13,18
2014-04-14,21
2014-04-15,22
2014-04-16,20
2014-04-17,21
2014-04-18,22
2014-04-19,25
2014-04-20,21
2014-04-21,22
2014-04-22,19
2014-04-23,21
2014-04-24,23
2014-04-25,17
2014-04-26,19
2014-04-27,19
2014-04-28,21
2014-04-29,24
2014-04-30,23
2014-05-01,23
2014-05-02,22
2014-05-03,19
2014-05-04,20
2014-05-05,21
2014-05-06,23
2014-05-07,24
2014-05-08,22
2014-05-09,23
2014-05-10,24
2014-05-11,26
2014-05-12,26
2014-05-13,22
2014-05-14,20
2014-05-15,20
2014-05-16,20
2014-05-17,21
2014-05-18,21
2014-05-19,23
2014-05-20,27
2014-05-21,24
2014-05-22,22
2014-05-23,21
2014-05-24,22
2014-05-25,21
2014-05-26,21
2014-05-27,21
2014-05-28,21
2014-05-29,21
2014-05-30,25
2014-05-31,23
2014-06-01,18
2014-06-02,15
2014-06-03,21
2014-06-04,27
2014-06-05,28
2014-06-06,30
2014-06-07,28
2014-06-08,26
2014-06-09,25
2014-06-10,25
2014-06-11,25
2014-06-12,26
2014-06-13,27
2014-06-14,28
2014-06-15,28
2014-06-16,23
2014-06-17,24
2014-06-18,27
2014-06-19,29
2014-06-20,31
2014-06-21,26
2014-06-22,28
2014-06-23,26
2014-06-24,25
2014-06-25,25
2014-06-26,25
2014-06-27,30
2014-06-28,32
2014-06-29,30
2014-06-30,27
2014-07-01,29
2014-07-02,28
2014-07-03,27
2014-07-04,27
2014-07-05,28
2014-07-06,28
2014-07-07,28
2014-07-08,27
2014-07-09,28
2014-07-10,26
2014-07-11,27
2014-07-12,29
2014-07-13,29
2014-07-14,30
2014-07-15,30
2014-07-16,31
2014-07-17,32
2014-07-18,39
2014-07-19,34
2014-07-20,29
2014-07-21,27
2014-07-22,28
2014-07-23,32
2014-07-24,32
2014-07-25,30
2014-07-26,28
2014-07-27,29
2014-07-28,30
2014-07-29,28
2014-07-30,29
2014-07-31,31
2014-08-01,30
2014-08-02,29
2014-08-03,30
2014-08-04,30
2014-08-05,29
2014-08-06,29
2014-08-07,31
2014-08-08,34
2014-08-09,34
2014-08-10,33
2014-08-11,33
2014-08-12,29
2014-08-13,31
2014-08-14,30
2014-08-15,29
2014-08-16,28
2014-08-17,28
2014-08-18,34
2014-08-19,29
2014-08-20,29
2014-08-21,30
2014-08-22,31
2014-08-23,29
2014-08-24,29
2014-08-25,30
2014-08-26,31
2014-08-27,33
2014-08-28,32
2014-08-29,32
2014-08-30,31
2014-08-31,28
2014-09-01,29
2014-09-02,30
2014-09-03,31
2014-09-04,31
2014-09-05,30
2014-09-06,29
2014-09-07,31
2014-09-08,31
2014-09-09,30
2014-09-10,29
2014-09-11,31
2014-09-12,30
2014-09-13,26
2014-09-14,31
2014-09-15,31
2014-09-16,33
2014-09-17,31
2014-09-18,29
2014-09-19,29
2014-09-20,32
2014-09-21,30
2014-09-22,28
2014-09-23,27
2014-09-24,27
2014-09-25,26
2014-09-26,26
2014-09-27,28
2014-09-28,28
2014-09-29,28
2014-09-30,29
2014-10-01,30
2014-10-02,28
2014-10-03,22
2014-10-04,23
2014-10-05,24
2014-10-06,28
2014-10-07,26
2014-10-08,31
2014-10-09,28
2014-10-10,28
2014-10-11,29
2014-10-12,28
2014-10-13,24
2014-10-14,21
2014-10-15,21
2014-10-16,25
2014-10-17,28
2014-10-18,29
2014-10-19,30
2014-10-20,30
2014-10-21,27
2014-10-22,23
2014-10-23,21
2014-10-24,23
2014-10-25,25
2014-10-26,26
2014-10-27,24
2014-10-28,23
2014-10-29,23
2014-10-30,22
2014-10-31,21
2014-11-01,21
2014-11-02,23
2014-11-03,23
2014-11-04,24
2014-11-05,17
2014-11-06,16
2014-11-07,19
2014-11-08,22
2014-11-09,19
2014-11-10,14
2014-11-11,18
2014-11-12,19
2014-11-13,21
2014-11-14,23
2014-11-15,19
2014-11-16,18
2014-11-17,19
2014-11-18,18
2014-11-19,23
2014-11-20,24
2014-11-21,26
2014-11-22,26
2014-11-23,24
2014-11-24,21
2014-11-25,20
2014-11-26,20
2014-11-27,21
2014-11-28,20
2014-11-29,19
2014-11-30,18
2014-12-01,15
2014-12-02,15
2014-12-03,16
2014-12-04,17
2014-12-05,15
2014-12-06,15
2014-12-07,11
2014-12-08,13
2014-12-09,12
2014-12-10,11
2014-12-11,13
2014-12-12,15
2014-12-13,16
2014-12-14,14
2014-12-15,15
2014-12-16,13
2014-12-17,14
2014-12-18,13
2014-12-19,16
2014-12-20,17
2014-12-21,15
2014-12-22,16
2014-12-23,16
2014-12-24,15
2014-12-25,14
2014-12-26,13
2014-12-27,14
2014-12-28,13
2014-12-29,9
2014-12-30,8
2014-12-31,11
2015-01-01,10
2015-01-02,12
2015-01-03,14
2015-01-04,17
2015-01-05,15
2015-01-06,15
2015-01-07,13
2015-01-08,14
2015-01-09,14
2015-01-10,17
2015-01-11,18
2015-01-12,16
2015-01-13,18
2015-01-14,17
2015-01-15,19
2015-01-16,17
2015-01-17,12
2015-01-18,11
2015-01-19,11
2015-01-20,11
2015-01-21,11
2015-01-22,8
2015-01-23,9
2015-01-24,11
2015-01-25,10
2015-01-26,9
2015-01-27,12
2015-01-28,11
2015-01-29,15
2015-01-30,17
2015-01-31,15
2015-02-01,10
2015-02-02,11
2015-02-03,13
2015-02-04,11
2015-02-05,7
2015-02-06,8
2015-02-07,10
2015-02-08,10
2015-02-09,10
2015-02-10,14
2015-02-11,15
2015-02-12,16
2015-02-13,13
2015-02-14,14
2015-02-15,14
2015-02-16,12
2015-02-17,12
2015-02-18,12
2015-02-19,13
2015-02-20,13
2015-02-21,12
2015-02-22,9
2015-02-23,15
2015-02-24,12
2015-02-25,12
2015-02-26,10
2015-02-27,13
2015-02-28,11
2015-03-01,15
2015-03-02,19
2015-03-03,21
2015-03-04,18
2015-03-05,11
2015-03-06,11
2015-03-07,12
2015-03-08,12
2015-03-09,12
2015-03-10,15
2015-03-11,15
2015-03-12,15
2015-03-13,15
2015-03-14,16
2015-03-15,16
2015-03-16,16
2015-03-17,17
2015-03-18,17
2015-03-19,22
2015-03-20,21
2015-03-21,17
2015-03-22,16
2015-03-23,20
2015-03-24,14
2015-03-25,12
2015-03-26,11
2015-03-27,16
2015-03-28,16
2015-03-29,19
2015-03-30,21
2015-03-31,20
2015-04-01,19
2015-04-02,17
2015-04-03,18
2015-04-04,18
2015-04-05,17
2015-04-06,15
2015-04-07,14
2015-04-08,18
2015-04-09,20
2015-04-10,21
2015-04-11,20
2015-04-12,20
2015-04-13,18
2015-04-14,20
2015-04-15,18
2015-04-16,22
2015-04-17,19
2015-04-18,21
2015-04-19,19
2015-04-20,19
2015-04-21,21
2015-04-22,25
2015-04-23,21
2015-04-24,19
2015-04-25,20
2015-04-26,23
2015-04-27,18
2015-04-28,20
2015-04-29,21
2015-04-30,22
2015-05-01,24
2015-05-02,26
2015-05-03,28
2015-05-04,34
2015-05-05,26
2015-05-06,23
2015-05-07,24
2015-05-08,23
2015-05-09,22
2015-05-10,25
2015-05-11,28
2015-05-12,24
2015-05-13,25
2015-05-14,33
2015-05-15,25
2015-05-16,19
2015-05-17,19
2015-05-18,26
2015-05-19,25
2015-05-20,18
2015-05-21,17
2015-05-22,19
2015-05-23,20
2015-05-24,18
2015-05-25,16
2015-05-26,19
2015-05-27,22
2015-05-28,23
2015-05-29,24
2015-05-30,21
2015-05-31,24
2015-06-01,23
2015-06-02,24
2015-06-03,26
2015-06-04,25
2015-06-05,25
2015-06-06,25
2015-06-07,23
2015-06-08,25
2015-06-09,25
2015-06-10,28
2015-06-11,26
2015-06-12,24
2015-06-13,24
2015-06-14,23
2015-06-15,20
2015-06-16,23
2015-06-17,22
2015-06-18,24
2015-06-19,26
2015-06-20,26
2015-06-21,28
2015-06-22,30
2015-06-23,28
2015-06-24,25
2015-06-25,24
2015-06-26,26
2015-06-27,29
2015-06-28,31
2015-06-29,32
2015-06-30,33
2015-07-01,34
2015-07-02,31
2015-07-03,33
2015-07-04,34
2015-07-05,34
2015-07-06,34
2015-07-07,33
2015-07-08,33
2015-07-09,30
2015-07-10,29
2015-07-11,30
2015-07-12,29
2015-07-13,29
2015-07-14,30
2015-07-15,32
2015-07-16,30
2015-07-17,30
2015-07-18,30
2015-07-19,30
2015-07-20,30
2015-07-21,31
2015-07-22,32
2015-07-23,30
2015-07-24,31
2015-07-25,31
2015-07-26,30
2015-07-27,31
2015-07-28,33
2015-07-29,35
2015-07-30,30
2015-07-31,34
2015-08-01,31
2015-08-02,31
2015-08-03,32
2015-08-04,30
2015-08-05,32
2015-08-06,33
2015-08-07,31
2015-08-08,32
2015-08-09,30
2015-08-10,30
2015-08-11,31
2015-08-12,32
2015-08-13,33
2015-08-14,30
2015-08-15,27
2015-08-16,27
2015-08-17,30
2015-08-18,29
2015-08-19,28
2015-08-20,29
2015-08-21,30
2015-08-22,31
2015-08-23,30
2015-08-24,28
2015-08-25,27
2015-08-26,30
2015-08-27,29
2015-08-28,28
2015-08-29,29
2015-08-30,29
2015-08-31,30
2015-09-01,29
2015-09-02,29
2015-09-03,27
2015-09-04,23
2015-09-05,29
2015-09-06,29
2015-09-07,25
2015-09-08,24
2015-09-09,23
2015-09-10,26
2015-09-11,29
2015-09-12,31
2015-09-13,31
2015-09-14,28
2015-09-15,27
2015-09-16,23
2015-09-17,28
2015-09-18,28
2015-09-19,26
2015-09-20,26
2015-09-21,27
2015-09-22,28
2015-09-23,26
2015-09-24,23
2015-09-25,23
2015-09-26,23
2015-09-27,23
2015-09-28,24
2015-09-29,22
2015-09-30,22
2015-10-01,21
2015-10-02,25
2015-10-03,29
2015-10-04,27
2015-10-05,31
2015-10-06,27
2015-10-07,25
2015-10-08,22
2015-10-09,19
2015-10-10,21
2015-10-11,25
2015-10-12,26
2015-10-13,24
2015-10-14,22
2015-10-15,21
2015-10-16,23
2015-10-17,26
2015-10-18,25
2015-10-19,25
2015-10-20,22
2015-10-21,18
2015-10-22,17
2015-10-23,19
2015-10-24,23
2015-10-25,22
2015-10-26,21
2015-10-27,23
2015-10-28,21
2015-10-29,20
2015-10-30,20
2015-10-31,20
2015-11-01,22
2015-11-02,23
2015-11-03,23
2015-11-04,20
2015-11-05,19
2015-11-06,20
2015-11-07,19
2015-11-08,21
2015-11-09,22
2015-11-10,20
2015-11-11,20
2015-11-12,20
2015-11-13,19
2015-11-14,18
2015-11-15,19
2015-11-16,19
2015-11-17,18
2015-11-18,17
2015-11-19,17
2015-11-20,19
2015-11-21,22
2015-11-22,13
2015-11-23,12
2015-11-24,10
2015-11-25,14
2015-11-26,16
2015-11-27,13
2015-11-28,16
2015-11-29,16
2015-11-30,17
2015-12-01,19
2015-12-02,19
2015-12-03,18
2015-12-04,16
2015-12-05,16
2015-12-06,17
2015-12-07,18
2015-12-08,18
2015-12-09,17
2015-12-10,16
2015-12-11,17
2015-12-12,16
2015-12-13,16
2015-12-14,16
2015-12-15,17
2015-12-16,19
2015-12-17,19
2015-12-18,14
2015-12-19,14
2015-12-20,14
2015-12-21,17
2015-12-22,17
2015-12-23,19
2015-12-24,16
2015-12-25,16
2015-12-26,15
2015-12-27,16
2015-12-28,15
2015-12-29,17
2015-12-30,16
2015-12-31,17
2016-01-01,18
2016-01-02,19
2016-01-03,16
2016-01-04,15
2016-01-05,16
2016-01-06,13
2016-01-07,18
2016-01-08,20
2016-01-09,19
2016-01-10,19
2016-01-11,19
2016-01-12,15
2016-01-13,15
2016-01-14,18
2016-01-15,16
2016-01-16,9
2016-01-17,11
2016-01-18,14
2016-01-19,13
2016-01-20,14
2016-01-21,14
2016-01-22,14
2016-01-23,16
2016-01-24,18
2016-01-25,19
2016-01-26,19
2016-01-27,17
2016-01-28,16
2016-01-29,16
2016-01-30,16
2016-01-31,15
2016-02-01,17
2016-02-02,19
2016-02-03,17
2016-02-04,13
2016-02-05,16
2016-02-06,17
2016-02-07,15
2016-02-08,16
2016-02-09,20
2016-02-10,17
2016-02-11,19
2016-02-12,18
2016-02-13,19
2016-02-14,15
2016-02-15,10
2016-02-16,10
2016-02-17,11
2016-02-18,14
2016-02-19,16
2016-02-20,17
2016-02-21,17
2016-02-22,20
2016-02-23,16
2016-02-24,18
2016-02-25,15
2016-02-26,16
2016-02-27,13
2016-02-28,11
2016-02-29,12
2016-03-01,14
2016-03-02,17
2016-03-03,14
2016-03-04,18
2016-03-05,14
2016-03-06,12
2016-03-07,13
2016-03-08,9
2016-03-09,13
2016-03-10,10
2016-03-11,11
2016-03-12,11
2016-03-13,12
2016-03-14,15
2016-03-15,15
2016-03-16,15
2016-03-17,15
2016-03-18,17
2016-03-19,18
2016-03-20,17
2016-03-21,14
2016-03-22,12
2016-03-23,15
2016-03-24,14
2016-03-25,17
2016-03-26,18
2016-03-27,19
2016-03-28,19
2016-03-29,20
2016-03-30,27
2016-03-31,22
2016-04-01,15
2016-04-02,14
2016-04-03,20
2016-04-04,20
2016-04-05,14
2016-04-06,14
2016-04-07,14
2016-04-08,17
2016-04-09,16
2016-04-10,20
2016-04-11,20
2016-04-12,19
2016-04-13,18
2016-04-14,20
2016-04-15,18
2016-04-16,19
2016-04-17,19
2016-04-18,20
2016-04-19,19
2016-04-20,19
2016-04-21,19
2016-04-22,19
2016-04-23,20
2016-04-24,18
2016-04-25,18
2016-04-26,20
2016-04-27,21
2016-04-28,19
2016-04-29,19
2016-04-30,17
2016-05-01,15
2016-05-02,16
2016-05-03,20
2016-05-04,22
2016-05-05,20
2016-05-06,18
2016-05-07,18
2016-05-08,26
2016-05-09,24
2016-05-10,25
2016-05-11,19
2016-05-12,19
2016-05-13,18
2016-05-14,19
2016-05-15,20
2016-05-16,20
2016-05-17,21
2016-05-18,21
2016-05-19,21
2016-05-20,21
2016-05-21,21
2016-05-22,25
2016-05-23,21
2016-05-24,26
2016-05-25,25
2016-05-26,20
2016-05-27,20
2016-05-28,19
2016-05-29,21
2016-05-30,22
2016-05-31,24
2016-06-01,22
2016-06-02,25
2016-06-03,27
2016-06-04,24
2016-06-05,22
2016-06-06,24
2016-06-07,26
2016-06-08,27
2016-06-09,28
2016-06-10,24
2016-06-11,26
2016-06-12,25
2016-06-13,27
2016-06-14,28
2016-06-15,24
2016-06-16,27
2016-06-17,23
2016-06-18,24
2016-06-19,22
2016-06-20,23
2016-06-21,24
2016-06-22,27
2016-06-23,27
2016-06-24,27
2016-06-25,31
2016-06-26,28
2016-06-27,28
2016-06-28,32
2016-06-29,28
2016-06-30,25
2016-07-01,27
2016-07-02,28
2016-07-03,31
2016-07-04,32
2016-07-05,27
2016-07-06,28
2016-07-07,32
2016-07-08,31
2016-07-09,32
2016-07-10,28
2016-07-11,29
2016-07-12,29
2016-07-13,27
2016-07-14,26
2016-07-15,25
2016-07-16,27
2016-07-17,26
2016-07-18,30
2016-07-19,31
2016-07-20,31
2016-07-21,30
2016-07-22,30
2016-07-23,29
2016-07-24,30
2016-07-25,30
2016-07-26,31
2016-07-27,31
2016-07-28,32
2016-07-29,33
2016-07-30,33
2016-07-31,33
2016-08-01,32
2016-08-02,31
2016-08-03,32
2016-08-04,30
2016-08-05,29
2016-08-06,27
2016-08-07,26
2016-08-08,26
2016-08-09,28
2016-08-10,26
2016-08-11,26
2016-08-12,26
2016-08-13,27
2016-08-14,29
2016-08-15,28
2016-08-16,27
2016-08-17,30
2016-08-18,31
2016-08-19,32
2016-08-20,32
2016-08-21,28
2016-08-22,27
2016-08-23,26
2016-08-24,28
2016-08-25,28
2016-08-26,27
2016-08-27,28
2016-08-28,31
2016-08-29,32
2016-08-30,29
2016-08-31,29
2016-09-01,28
2016-09-02,30
2016-09-03,30
2016-09-04,31
2016-09-05,34
2016-09-06,30
2016-09-07,28
2016-09-08,29
2016-09-09,29
2016-09-10,28
2016-09-11,27
2016-09-12,29
2016-09-13,30
2016-09-14,27
2016-09-15,25
2016-09-16,24
2016-09-17,25
2016-09-18,25
2016-09-19,24
2016-09-20,22
2016-09-21,27
2016-09-22,29
2016-09-23,26
2016-09-24,27
2016-09-25,24
2016-09-26,25
2016-09-27,25
2016-09-28,23
2016-09-29,25
2016-09-30,25
2016-10-01,26
2016-10-02,26
2016-10-03,27
2016-10-04,26
2016-10-05,25
2016-10-06,28
2016-10-07,27
2016-10-08,26
2016-10-09,27
2016-10-10,23
2016-10-11,25
2016-10-12,24
2016-10-13,25
2016-10-14,22
2016-10-15,23
2016-10-16,28
2016-10-17,27
2016-10-18,22
2016-10-19,22
2016-10-20,23
2016-10-21,22
2016-10-22,26
2016-10-23,27
2016-10-24,31
2016-10-25,31
2016-10-26,30
2016-10-27,24
2016-10-28,21
2016-10-29,20
2016-10-30,20
2016-10-31,22
2016-11-01,23
2016-11-02,21
2016-11-03,25
2016-11-04,27
2016-11-05,26
2016-11-06,22
2016-11-07,16
2016-11-08,12
2016-11-09,18
2016-11-10,18
2016-11-11,18
2016-11-12,18
2016-11-13,19
2016-11-14,17
2016-11-15,16
2016-11-16,16
2016-11-17,17
2016-11-18,16
2016-11-19,18
2016-11-20,19
2016-11-21,21
2016-11-22,21
2016-11-23,20
2016-11-24,16
2016-11-25,17
2016-11-26,18
2016-11-27,18
2016-11-28,14
2016-11-29,16
2016-11-30,17
2016-12-01,16
2016-12-02,17
2016-12-03,17
2016-12-04,17
2016-12-05,16
2016-12-06,17
2016-12-07,15
2016-12-08,16
2016-12-09,17
2016-12-10,17
2016-12-11,17
2016-12-12,16
2016-12-13,15
2016-12-14,16
2016-12-15,15
2016-12-16,14
2016-12-17,13
2016-12-18,16
2016-12-19,14
2016-12-20,12
2016-12-21,12
2016-12-22,15
2016-12-23,14
2016-12-24,14
2016-12-25,14
2016-12-26,15
2016-12-27,14
2016-12-28,14
2016-12-29,15
2016-12-30,13
2016-12-31,12
2017-01-01,13
2017-01-02,15
2017-01-03,15
2017-01-04,15
2017-01-05,14
2017-01-06,11
2017-01-07,12
2017-01-08,13
2017-01-09,12
2017-01-10,11
2017-01-11,11
2017-01-12,13
2017-01-13,15
2017-01-14,10
2017-01-15,9
2017-01-16,10
2017-01-17,9
2017-01-18,7
2017-01-19,12
2017-01-20,12
2017-01-21,11
2017-01-22,11
2017-01-23,12
2017-01-24,9
2017-01-25,13
2017-01-26,14
2017-01-27,14
2017-01-28,10
2017-01-29,12
2017-01-30,14
2017-01-31,16
2017-02-01,16
2017-02-02,16
2017-02-03,17
2017-02-04,17
2017-02-05,15
2017-02-06,13
2017-02-07,15
2017-02-08,11
2017-02-09,11
2017-02-10,16
2017-02-11,15
2017-02-12,16
2017-02-13,18
2017-02-14,15
2017-02-15,15
2017-02-16,15
2017-02-17,14
2017-02-18,13
2017-02-19,14
2017-02-20,16
2017-02-21,17
2017-02-22,21
2017-02-23,21
2017-02-24,16
2017-02-25,12
2017-02-26,13
2017-02-27,16
2017-02-28,17
2017-03-01,15
2017-03-02,17
2017-03-03,22
2017-03-04,16
2017-03-05,16
2017-03-06,18
2017-03-07,17
2017-03-08,17
2017-03-09,18
2017-03-10,21
2017-03-11,21
2017-03-12,20
2017-03-13,17
2017-03-14,17
2017-03-15,16
2017-03-16,15
2017-03-17,18
2017-03-18,18
2017-03-19,19
2017-03-20,17
2017-03-21,18
2017-03-22,17
2017-03-23,15
2017-03-24,9
2017-03-25,15
2017-03-26,20
2017-03-27,17
2017-03-28,16
2017-03-29,16
2017-03-30,19
2017-03-31,20
2017-04-01,18
2017-04-02,17
2017-04-03,15
2017-04-04,16
2017-04-05,20
2017-04-06,14
2017-04-07,15
2017-04-08,15
2017-04-09,16
2017-04-10,18
2017-04-11,18
2017-04-12,19
2017-04-13,22
2017-04-14,24
2017-04-15,22
2017-04-16,20
2017-04-17,22
2017-04-18,21
2017-04-19,18
2017-04-20,15
2017-04-21,17
2017-04-22,20
2017-04-23,22
2017-04-24,22
2017-04-25,20
2017-04-26,23
2017-04-27,22
2017-04-28,15
2017-04-29,19
2017-04-30,19
2017-05-01,18
2017-05-02,19
2017-05-03,22
2017-05-04,26
2017-05-05,30
2017-05-06,21
2017-05-07,20
2017-05-08,21
2017-05-09,26
2017-05-10,23
2017-05-11,23
2017-05-12,21
2017-05-13,22
2017-05-14,22
2017-05-15,22
2017-05-16,24
2017-05-17,25
2017-05-18,24
2017-05-19,22
2017-05-20,23
2017-05-21,25
2017-05-22,26
2017-05-23,23
2017-05-24,24
2017-05-25,27
2017-05-26,28
2017-05-27,27
2017-05-28,28
2017-05-29,24
2017-05-30,23
2017-05-31,23
2017-06-01,25
2017-06-02,27
2017-06-03,28
2017-06-04,26
2017-06-05,21
2017-06-06,25
2017-06-07,26
2017-06-08,29
2017-06-09,26
2017-06-10,24
2017-06-11,26
2017-06-12,28
2017-06-13,33
2017-06-14,30
2017-06-15,29
2017-06-16,29
2017-06-17,29
2017-06-18,27
2017-06-19,27
2017-06-20,30
2017-06-21,28
2017-06-22,27
2017-06-23,28
2017-06-24,30
2017-06-25,34
2017-06-26,33
2017-06-27,34
2017-06-28,29
2017-06-29,27
2017-06-30,25
2017-07-01,24
2017-07-02,24
2017-07-03,26
2017-07-04,30
2017-07-05,32
2017-07-06,34
2017-07-07,34
2017-07-08,29
2017-07-09,30
2017-07-10,31
2017-07-11,35
2017-07-12,34
2017-07-13,34
2017-07-14,31
2017-07-15,29
2017-07-16,30
2017-07-17,29
2017-07-18,33
2017-07-19,35
2017-07-20,31
2017-07-21,29
2017-07-22,29
2017-07-23,32
2017-07-24,30
2017-07-25,30
2017-07-26,29
2017-07-27,31
2017-07-28,35
2017-07-29,32
2017-07-30,33
2017-07-31,37
2017-08-01,38
2017-08-02,38
2017-08-03,34
2017-08-04,33
2017-08-05,32
2017-08-06,31
2017-08-07,32
2017-08-08,36
2017-08-09,33
2017-08-10,28
2017-08-11,27
2017-08-12,28
2017-08-13,29
2017-08-14,31
2017-08-15,35
2017-08-16,30
2017-08-17,29
2017-08-18,31
2017-08-19,30
2017-08-20,29
2017-08-21,28
2017-08-22,28
2017-08-23,31
2017-08-24,32
2017-08-25,31
2017-08-26,34
2017-08-27,35
2017-08-28,33
2017-08-29,33
2017-08-30,28
2017-08-31,28
2017-09-01,31
2017-09-02,26
2017-09-03,28
2017-09-04,31
2017-09-05,30
2017-09-06,28
2017-09-07,28
2017-09-08,28
2017-09-09,31
2017-09-10,24
2017-09-11,27
2017-09-12,29
2017-09-13,27
2017-09-14,30
2017-09-15,30
2017-09-16,27
2017-09-17,25
2017-09-18,26
2017-09-19,25
2017-09-20,25
2017-09-21,29
2017-09-22,28
2017-09-23,29
2017-09-24,25
2017-09-25,27
2017-09-26,27
2017-09-27,24
2017-09-28,24
2017-09-29,24
2017-09-30,23
2017-10-01,24
2017-10-02,23
2017-10-03,23
2017-10-04,24
2017-10-05,24
2017-10-06,21
2017-10-07,23
2017-10-08,23
2017-10-09,23
2017-10-10,25
2017-10-11,25
2017-10-12,25
2017-10-13,26
2017-10-14,27
2017-10-15,25
2017-10-16,26
2017-10-17,26
2017-10-18,27
2017-10-19,22
2017-10-20,20
2017-10-21,21
2017-10-22,22
2017-10-23,20
2017-10-24,21
2017-10-25,22
2017-10-26,25
2017-10-27,24
2017-10-28,21
2017-10-29,21
2017-10-30,21
2017-10-31,22
2017-11-01,21
2017-11-02,25
2017-11-03,27
2017-11-04,23
2017-11-05,20
2017-11-06,16
2017-11-07,16
2017-11-08,19
2017-11-09,14
2017-11-10,13
2017-11-11,15
2017-11-12,18
2017-11-13,16
2017-11-14,14
2017-11-15,14
2017-11-16,16
2017-11-17,16
2017-11-18,17
2017-11-19,18
2017-11-20,19
2017-11-21,19
2017-11-22,19
2017-11-23,19
2017-11-24,21
2017-11-25,22
2017-11-26,17
2017-11-27,15
2017-11-28,18
2017-11-29,22
2017-11-30,14
2017-12-01,13
2017-12-02,9
2017-12-03,10
2017-12-04,12
2017-12-05,14
2017-12-06,14
2017-12-07,14
2017-12-08,16
2017-12-09,12
2017-12-10,17
2017-12-11,19
2017-12-12,13
2017-12-13,13
2017-12-14,16
2017-12-15,16
2017-12-16,13
2017-12-17,11
2017-12-18,11
2017-12-19,11
2017-12-20,12
2017-12-21,11
2017-12-22,12
2017-12-23,13
2017-12-24,14
2017-12-25,15
2017-12-26,15
2017-12-27,14
2017-12-28,15
2017-12-29,17
2017-12-30,18
2017-12-31,20
2018-01-01,15
2018-01-02,16
2018-01-03,18
2018-01-04,19
2018-01-05,19
2018-01-06,19
2018-01-07,13
2018-01-08,13
2018-01-09,13
2018-01-10,12
2018-01-11,13
2018-01-12,12
2018-01-13,14
2018-01-14,13
2018-01-15,13
2018-01-16,15
2018-01-17,17
2018-01-18,17
2018-01-19,14
2018-01-20,14
2018-01-21,16
2018-01-22,18
2018-01-23,17
2018-01-24,17
2018-01-25,18
2018-01-26,13
2018-01-27,11
2018-01-28,15
2018-01-29,15
2018-01-30,15
2018-01-31,16
2018-02-01,16
2018-02-02,12
2018-02-03,10
2018-02-04,13
2018-02-05,13
2018-02-06,10
2018-02-07,11
2018-02-08,11
2018-02-09,9
2018-02-10,8
2018-02-11,10
2018-02-12,15
2018-02-13,13
2018-02-14,14
2018-02-15,15
2018-02-16,18
2018-02-17,16
2018-02-18,13
2018-02-19,13
2018-02-20,13
2018-02-21,13
2018-02-22,9
2018-02-23,11
2018-02-24,12
2018-02-25,12
2018-02-26,15
2018-02-27,12
2018-02-28,22
2018-03-01,19
2018-03-02,18
2018-03-03,18
2018-03-04,16
2018-03-05,16
2018-03-06,15
2018-03-07,14
2018-03-08,18
2018-03-09,21
2018-03-10,26
2018-03-11,18
2018-03-12,16
2018-03-13,17
2018-03-14,19
2018-03-15,18
2018-03-16,13
2018-03-17,14
2018-03-18,12
2018-03-19,14
2018-03-20,11
2018-03-21,9
2018-03-22,9
2018-03-23,14
2018-03-24,12
2018-03-25,11
2018-03-26,12
2018-03-27,16
2018-03-28,21
2018-03-29,21
2018-03-30,16
2018-03-31,14
2018-04-01,18
2018-04-02,24
2018-04-03,19
2018-04-04,19
2018-04-05,19
2018-04-06,25
2018-04-07,22
2018-04-08,15
2018-04-09,18
2018-04-10,16
2018-04-11,15
2018-04-12,16
2018-04-13,14
2018-04-14,12
2018-04-15,14
2018-04-16,19
2018-04-17,17
2018-04-18,18
2018-04-19,19
2018-04-20,22
2018-04-21,22
2018-04-22,25
2018-04-23,27
2018-04-24,27
2018-04-25,22
2018-04-26,17
2018-04-27,16
2018-04-28,22
2018-04-29,17
2018-04-30,16
2018-05-01,14
2018-05-02,16
2018-05-03,18
2018-05-04,18
2018-05-05,16
2018-05-06,18
2018-05-07,19
2018-05-08,17
2018-05-09,20
2018-05-10,21
2018-05-11,21
2018-05-12,21
2018-05-13,17
2018-05-14,19
2018-05-15,20
2018-05-16,22
2018-05-17,18
2018-05-18,17
2018-05-19,17
2018-05-20,18
2018-05-21,19
2018-05-22,21
2018-05-23,25
2018-05-24,29
2018-05-25,25
2018-05-26,25
2018-05-27,23
2018-05-28,20
2018-05-29,21
2018-05-30,21
2018-05-31,22
2018-06-01,22
2018-06-02,23
2018-06-03,21
2018-06-04,24
2018-06-05,22
2018-06-06,21
2018-06-07,21
2018-06-08,26
2018-06-09,27
2018-06-10,23
2018-06-11,23
2018-06-12,24
2018-06-13,24
2018-06-14,24
2018-06-15,25
2018-06-16,27
2018-06-17,26
2018-06-18,25
2018-06-19,24
2018-06-20,26
2018-06-21,27
2018-06-22,27
2018-06-23,29
2018-06-24,29
2018-06-25,28
2018-06-26,27
2018-06-27,28
2018-06-28,28
2018-06-29,29
2018-06-30,30
2018-07-01,28
2018-07-02,29
2018-07-03,31
2018-07-04,29
2018-07-05,29
2018-07-06,28
2018-07-07,32
2018-07-08,32
2018-07-09,28
2018-07-10,31
2018-07-11,31
2018-07-12,32
2018-07-13,33
2018-07-14,30
2018-07-15,31
2018-07-16,30
2018-07-17,30
2018-07-18,33
2018-07-19,32
2018-07-20,31
2018-07-21,29
2018-07-22,29
2018-07-23,30
2018-07-24,31
2018-07-25,30
2018-07-26,29
2018-07-27,30
2018-07-28,31
2018-07-29,33
2018-07-30,30
2018-07-31,29
2018-08-01,31
2018-08-02,32
2018-08-03,30
2018-08-04,30
2018-08-05,30
2018-08-06,30
2018-08-07,31
2018-08-08,33
2018-08-09,30
2018-08-10,31
2018-08-11,31
2018-08-12,31
2018-08-13,33
2018-08-14,30
2018-08-15,29
2018-08-16,29
2018-08-17,28
2018-08-18,28
2018-08-19,28
2018-08-20,28
2018-08-21,28
2018-08-22,29
2018-08-23,29
2018-08-24,28
2018-08-25,32
2018-08-26,31
2018-08-27,30
2018-08-28,31
2018-08-29,30
2018-08-30,29
2018-08-31,31
2018-09-01,31
2018-09-02,31
2018-09-03,34
2018-09-04,30
2018-09-05,29
2018-09-06,29
2018-09-07,28
2018-09-08,30
2018-09-09,29
2018-09-10,29
2018-09-11,30
2018-09-12,28
2018-09-13,25
2018-09-14,27
2018-09-15,31
2018-09-16,31
2018-09-17,31
2018-09-18,30
2018-09-19,28
2018-09-20,25
2018-09-21,26
2018-09-22,28
2018-09-23,28
2018-09-24,29
2018-09-25,27
2018-09-26,26
2018-09-27,25
2018-09-28,24
2018-09-29,25
2018-09-30,27
2018-10-01,24
2018-10-02,21
2018-10-03,21
2018-10-04,21
2018-10-05,23
2018-10-06,25
2018-10-07,27
2018-10-08,24
2018-10-09,24
2018-10-10,27
2018-10-11,26
2018-10-12,25
2018-10-13,25
2018-10-14,28
2018-10-15,22
2018-10-16,21
2018-10-17,19
2018-10-18,21
2018-10-19,23
2018-10-20,26
2018-10-21,26
2018-10-22,23
2018-10-23,20
2018-10-24,20
2018-10-25,22
2018-10-26,25
2018-10-27,24
2018-10-28,18
2018-10-29,15
2018-10-30,19
2018-10-31,18
2018-11-01,19
2018-11-02,17
2018-11-03,16
2018-11-04,17
2018-11-05,22
2018-11-06,17
2018-11-07,19
2018-11-08,22
2018-11-09,17
2018-11-10,17
2018-11-11,21
2018-11-12,21
2018-11-13,20
2018-11-14,20
2018-11-15,19
2018-11-16,19
2018-11-17,17
2018-11-18,19
2018-11-19,17
2018-11-20,18
2018-11-21,19
2018-11-22,20
2018-11-23,21
2018-11-24,15
2018-11-25,17
2018-11-26,17
2018-11-27,15
2018-11-28,17
2018-11-29,19
2018-11-30,19
2018-12-01,15
2018-12-02,17
2018-12-03,20
2018-12-04,20
2018-12-05,21
2018-12-06,19
2018-12-07,16
2018-12-08,16
2018-12-09,18
2018-12-10,17
2018-12-11,17
2018-12-12,17
2018-12-13,16
2018-12-14,12
2018-12-15,14
2018-12-16,19
2018-12-17,15
2018-12-18,17
2018-12-19,18
2018-12-20,16
2018-12-21,15
2018-12-22,17
2018-12-23,18
2018-12-24,19
2018-12-25,19
2018-12-26,16
2018-12-27,16
2018-12-28,14
2018-12-29,14
2018-12-30,13
2018-12-31,13
2019-01-01,18
2019-01-02,20
2019-01-03,14
2019-01-04,15
2019-01-05,14
2019-01-06,19
2019-01-07,16
2019-01-08,17
2019-01-09,15
2019-01-10,13
2019-01-11,10
2019-01-12,12
2019-01-13,17
2019-01-14,19
2019-01-15,19
2019-01-16,20
2019-01-17,17
2019-01-18,15
2019-01-19,14
2019-01-20,12
2019-01-21,12
2019-01-22,12
2019-01-23,13
2019-01-24,11
2019-01-25,14
2019-01-26,20
2019-01-27,18
2019-01-28,15
2019-01-29,15
2019-01-30,14
2019-01-31,17
2019-02-01,18
2019-02-02,13
2019-02-03,10
2019-02-04,10
2019-02-05,12
2019-02-06,17
2019-02-07,20
2019-02-08,19
2019-02-09,21
2019-02-10,23
2019-02-11,16
2019-02-12,14
2019-02-13,18
2019-02-14,23
2019-02-15,20
2019-02-16,21
2019-02-17,19
2019-02-18,20
2019-02-19,19
2019-02-20,19
2019-02-21,16
2019-02-22,19
2019-02-23,19
2019-02-24,16
2019-02-25,17
2019-02-26,15
2019-02-27,17
2019-02-28,21
2019-03-01,21
2019-03-02,19
2019-03-03,23
2019-03-04,24
2019-03-05,22
2019-03-06,27
2019-03-07,19
2019-03-08,16
2019-03-09,17
2019-03-10,19
2019-03-11,18
2019-03-12,24
2019-03-13,20
2019-03-14,17
2019-03-15,20
2019-03-16,26
2019-03-17,25
2019-03-18,20
2019-03-19,14
2019-03-20,14
2019-03-21,11
2019-03-22,15
2019-03-23,16
2019-03-24,21
2019-03-25,22
2019-03-26,17
2019-03-27,16
2019-03-28,17
2019-03-29,18
2019-03-30,22
2019-03-31,19
2019-04-01,17
2019-04-02,22
2019-04-03,23
2019-04-04,16
2019-04-05,19
2019-04-06,17
2019-04-07,14
2019-04-08,18
2019-04-09,18
2019-04-10,17
2019-04-11,18
2019-04-12,18
2019-04-13,19
2019-04-14,21
2019-04-15,23
2019-04-16,23
2019-04-17,25
2019-04-18,24
2019-04-19,15
2019-04-20,14
2019-04-21,17
2019-04-22,17
2019-04-23,24
2019-04-24,20
2019-04-25,25
2019-04-26,19
2019-04-27,21
2019-04-28,22
2019-04-29,21
2019-04-30,21
2019-05-01,25
2019-05-02,25
2019-05-03,21
2019-05-04,17
2019-05-05,19
2019-05-06,23
2019-05-07,27
2019-05-08,27
2019-05-09,25
2019-05-10,27
2019-05-11,29
2019-05-12,22
2019-05-13,20
2019-05-14,22
2019-05-15,27
2019-05-16,26
2019-05-17,21
2019-05-18,23
2019-05-19,22
2019-05-20,23
2019-05-21,25
2019-05-22,25
2019-05-23,26
2019-05-24,26
2019-05-25,21
2019-05-26,19
2019-05-27,25
2019-05-28,27
2019-05-29,22
2019-05-30,23
2019-05-31,22
2019-06-01,24
2019-06-02,29
2019-06-03,30
2019-06-04,31
2019-06-05,28
2019-06-06,25
2019-06-07,27
2019-06-08,25
2019-06-09,24
2019-06-10,26
2019-06-11,26
2019-06-12,26
2019-06-13,41
2019-06-14,27
2019-06-15,25
2019-06-16,24
2019-06-17,24
2019-06-18,29
2019-06-19,28
2019-06-20,27
2019-06-21,26
2019-06-22,25
2019-06-23,30
2019-06-24,29
2019-06-25,29
2019-06-26,31
2019-06-27,32
2019-06-28,31
2019-06-29,33
2019-06-30,32
2019-07-01,30
2019-07-02,29
2019-07-03,28
2019-07-04,29
2019-07-05,32
2019-07-06,32
2019-07-07,37
2019-07-08,38
2019-07-09,29
2019-07-10,28
2019-07-11,29
2019-07-12,32
2019-07-13,30
2019-07-14,29
2019-07-15,30
2019-07-16,29
2019-07-17,31
2019-07-18,29
2019-07-19,32
2019-07-20,35
2019-07-21,32
2019-07-22,32
2019-07-23,33
2019-07-24,33
2019-07-25,34
2019-07-26,32
2019-07-27,31
2019-07-28,28
2019-07-29,30
2019-07-30,29
2019-07-31,31
2019-08-01,33
2019-08-02,31
2019-08-03,30
2019-08-04,31
2019-08-05,32
2019-08-06,33
2019-08-07,35
2019-08-08,34
2019-08-09,35
2019-08-10,34
2019-08-11,32
2019-08-12,31
2019-08-13,27
2019-08-14,28
2019-08-15,30
2019-08-16,32
2019-08-17,34
2019-08-18,36
2019-08-19,32
2019-08-20,31
2019-08-21,28
2019-08-22,27
2019-08-23,29
2019-08-24,27
2019-08-25,28
2019-08-26,30
2019-08-27,34
2019-08-28,29
2019-08-29,29
2019-08-30,28
2019-08-31,28
2019-09-01,30
2019-09-02,29
2019-09-03,29
2019-09-04,28
2019-09-05,27
2019-09-06,27
2019-09-07,27
2019-09-08,27
2019-09-09,28
2019-09-10,29
2019-09-11,24
2019-09-12,25
2019-09-13,33
2019-09-14,35
2019-09-15,36
2019-09-16,27
2019-09-17,28
2019-09-18,31
2019-09-19,27
2019-09-20,28
2019-09-21,33
2019-09-22,26
2019-09-23,29
2019-09-24,29
2019-09-25,29
2019-09-26,28
2019-09-27,32
2019-09-28,30
2019-09-29,32
2019-09-30,32
2019-10-01,32
2019-10-02,26
2019-10-03,25
2019-10-04,29
2019-10-05,30
2019-10-06,29
2019-10-07,26
2019-10-08,25
2019-10-09,28
2019-10-10,25
2019-10-11,29
2019-10-12,33
2019-10-13,31
2019-10-14,32
2019-10-15,24
2019-10-16,24
2019-10-17,25
2019-10-18,27
2019-10-19,28
2019-10-20,29
2019-10-21,21
2019-10-22,29
2019-10-23,21
2019-10-24,20
2019-10-25,21
2019-10-26,21
2019-10-27,22
2019-10-28,22
2019-10-29,24
2019-10-30,24
2019-10-31,23
2019-11-01,23
2019-11-02,25
2019-11-03,23
2019-11-04,23
2019-11-05,20
2019-11-06,18
2019-11-07,20
2019-11-08,18
2019-11-09,17
2019-11-10,15
2019-11-11,14
2019-11-12,14
2019-11-13,17
2019-11-14,20
2019-11-15,15
2019-11-16,13
2019-11-17,16
2019-11-18,14
2019-11-19,15
2019-11-20,17
2019-11-21,18
2019-11-22,21
2019-11-23,18
2019-11-24,16
2019-11-25,17
2019-11-26,21
2019-11-27,21
2019-11-28,21
2019-11-29,21
2019-11-30,23
2019-12-01,21
2019-12-02,19
2019-12-03,18
2019-12-04,16
2019-12-05,19
2019-12-06,22
2019-12-07,19
2019-12-08,17
2019-12-09,16
2019-12-10,14
2019-12-11,18
2019-12-12,15
2019-12-13,18
2019-12-14,18
2019-12-15,20
2019-12-16,20
2019-12-17,20
2019-12-18,16
2019-12-19,19
2019-12-20,20
2019-12-21,21
2019-12-22,19
2019-12-23,17
2019-12-24,23
2019-12-25,22
2019-12-26,20
2019-12-27,18
2019-12-28,17
2019-12-29,15
2019-12-30,16
2019-12-31,15
2020-01-01,17
2020-01-02,19
2020-01-03,19
2020-01-04,13
2020-01-05,17
2020-01-06,18
2020-01-07,15
2020-01-08,15
2020-01-09,15
2020-01-10,13
2020-01-11,12
2020-01-12,10
2020-01-13,14
2020-01-14,20
2020-01-15,16
2020-01-16,16
2020-01-17,18
2020-01-18,17
2020-01-19,14
2020-01-20,14
2020-01-21,18
2020-01-22,18
2020-01-23,19
2020-01-24,21
2020-01-25,20
2020-01-26,16
2020-01-27,19
2020-01-28,17
2020-01-29,19
2020-01-30,20
2020-01-31,18
